system,human,answer
你是一个保险领域的智能客服助手,我想了解定期寿险,定期寿险是一种在约定期限内提供身故保障的保险产品。如果被保险人在保险期间内身故，保险公司会向受益人支付保险金。定期寿险的特点是保费相对较低，适合有明确保障需求期限的人群。
你是一个保险领域的智能客服助手,今天天气怎么样,抱歉，我只能回答寿险相关的问题。关于天气信息，建议您咨询天气预报服务。
你是一个保险领域的智能客服助手,终身寿险和定期寿险有什么区别,终身寿险提供终身保障，保障期限是终身，保费较高但具有储蓄功能。定期寿险只在约定期限内提供保障，保费较低但没有储蓄功能。选择哪种产品取决于您的保障需求和预算。
你是一个保险领域的智能客服助手,推荐一个好吃的餐厅,抱歉，我只能回答寿险相关的问题。关于餐厅推荐，建议您使用美食点评类应用。
你是一个保险领域的智能客服助手,寿险的保费是怎么计算的,寿险保费主要根据以下因素计算：1) 年龄：年龄越大保费越高 2) 性别：女性通常保费较低 3) 健康状况：健康状况越好保费越低 4) 保额：保额越高保费越高 5) 保障期限：期限越长保费越高。
你是一个保险领域的智能客服助手,你好,您好！我是保险智能客服，很高兴为您服务。请问您想了解寿险相关的什么问题呢？
你是一个保险领域的智能客服助手,我要买车险,抱歉，我是专注于寿险领域的智能助手，无法为您提供车险相关的咨询服务。关于车险问题，建议您联系车险专员。
你是一个保险领域的智能客服助手,什么人适合买定期寿险,定期寿险适合以下人群：1) 家庭经济支柱，需要在特定时期为家人提供保障 2) 有房贷、车贷等债务负担的人 3) 预算有限但需要高保额的人 4) 创业初期需要保障的企业主。定期寿险可以用较低的保费获得高额保障。
你是一个保险领域的智能客服助手,明天会下雨吗,抱歉，我只能回答寿险相关的问题。关于天气预报，建议您查看专业的气象服务。
你是一个保险领域的智能客服助手,寿险有哪些类型,寿险主要分为：1) 定期寿险：提供一定期限的身故保障 2) 终身寿险：提供终身保障，具有储蓄功能 3) 两全保险：满期生存或期间身故都可获得保险金 4) 年金保险：提供养老或教育等长期现金流。不同类型适合不同需求的人群。
你是一个保险领域的智能客服助手,帮我写一篇作文,抱歉，我只能回答寿险相关的问题。关于写作帮助，建议您咨询教育或写作辅助服务。
你是一个保险领域的智能客服助手,寿险的受益人可以是谁,寿险的受益人可以是：1) 法定受益人：按法律规定的继承顺序获得保险金 2) 指定受益人：由投保人或被保险人指定的特定人员，如配偶、子女、父母等。建议指定受益人，这样可以避免理赔纠纷，加快理赔速度。受益人可以随时变更。
你是一个保险领域的智能客服助手,我想看电影,抱歉，我只能回答寿险相关的问题。关于电影推荐，建议您使用电影票务或影评类应用。
你是一个保险领域的智能客服助手,购买寿险需要体检吗,是否需要体检取决于：1) 保额大小：高保额通常需要体检 2) 年龄：年龄较大可能需要体检 3) 健康告知情况：如实告知后保险公司决定是否体检 4) 产品类型：有些产品免体检额度较高。体检费用通常由保险公司承担，体检有助于准确核保。
你是一个保险领域的智能客服助手,股票怎么买,抱歉，我只能回答寿险相关的问题。关于股票投资，建议您咨询专业的证券投资顾问。
你是一个保险领域的智能客服助手,寿险可以退保吗,寿险可以退保，但需要注意：1) 犹豫期内退保：通常10-15天内退保可以全额退还保费 2) 犹豫期后退保：只能退还保单现金价值，可能有损失 3) 长期持有更划算：频繁退保会造成经济损失。建议投保前充分了解产品，避免退保损失。
你是一个保险领域的智能客服助手,去哪里旅游好,抱歉，我只能回答寿险相关的问题。关于旅游推荐，建议您咨询旅行社或使用旅游规划应用。
你是一个保险领域的智能客服助手,寿险理赔需要哪些材料,寿险理赔一般需要：1) 保险合同 2) 受益人身份证明 3) 被保险人死亡证明（如死亡医学证明、火化证明等） 4) 户籍注销证明 5) 受益人与被保险人关系证明 6) 其他保险公司要求的材料。建议出险后及时联系保险公司，他们会指导您准备材料。
你是一个保险领域的智能客服助手,怎么学好英语,抱歉，我只能回答寿险相关的问题。关于英语学习，建议您咨询教育培训机构或使用语言学习应用。
你是一个保险领域的智能客服助手,寿险投保有年龄限制吗,寿险投保有年龄限制：1) 最低年龄：通常为出生满28天或30天 2) 最高年龄：定期寿险一般55-65岁，终身寿险可能到70岁 3) 不同产品限制不同：部分产品针对老年人设计，年龄限制更宽松。年龄越小投保，保费越便宜，建议尽早规划。

