question|answer
我想买份终身寿险|寿险相关
定期寿险和终身寿险哪个好？|寿险相关
请推荐一款适合年轻人的寿险|寿险相关
想给父母买份寿险保障一下|寿险相关
我打算买份寿险，怎么买最划算？|寿险相关
保障型寿险和分红型寿险区别大吗？|寿险相关
寿险保额一般选多少合适？|寿险相关
我今年35岁，买寿险还来得及吗？|寿险相关
寿险一般保多久？|寿险相关
寿险理赔流程复杂吗？|寿险相关
寿险是不是要体检？|寿险相关
投保寿险需要提供哪些资料？|寿险相关
寿险可以退保吗？怎么退？|寿险相关
被保险人去世后多久能赔？|寿险相关
买寿险会不会被拒保？|寿险相关
寿险是不是有现金价值？|寿险相关
寿险和重疾险有什么区别？|寿险相关
定期寿险是不是比终身便宜？|寿险相关
想了解一下寿险和意外险的差别|寿险相关
买寿险是不是比买理财险更划算？|寿险相关
重疾险和寿险可以一起买吗？|寿险相关
寿险有没有理财功能？|寿险相关
分红型寿险收益高吗？|寿险相关
买寿险能当养老保险用吗？|寿险相关
我想通过寿险来做资产传承|寿险相关
重疾险怎么买最划算？|其他
医疗险和百万医疗险有区别吗？|其他
小孩子买什么重疾险好？|其他
癌症险属于重疾险吗？|其他
车险怎么买最省钱？|其他
房屋保险需要买吗？|其他
家财险能赔电器损坏吗？|其他
企业财产险包括哪些保障？|其他
意外险和健康险有什么不同？|其他
意外险能赔交通事故吗？|其他
我骑电动车出事故能理赔吗？|其他
买意外险要注意什么？|其他
理财险收益率一般多少？|其他
我想了解年金险|其他
投连险风险大吗？|其他
现在买养老险合适吗？|其他
今天天气不错|其他
请问平安银行几点关门？|其他
我想买车|其他
帮我查一下快递|其他
你是谁？|其他
这个系统是人工智能吗？|其他
我想给我爱人买一份寿险|寿险相关
你们的年金产品怎么样|寿险相关
身故了能赔多少钱|寿险相关
孩子教育金保险有推荐吗|寿险相关
定期寿险和终身寿险的区别|寿险相关
今天天气真好|其他
我的车被刮了怎么报保险|其他
你好，请问你是谁|其他
我要开发票|其他
这个快递到哪了|其他
